{"initial_reset_timestamp": 1540804546.099168, "timestamps": [1540804560.1081789], "episode_lengths": [200], "episode_rewards": [200.0], "episode_types": ["t"]}