{"initial_reset_timestamp": 1540809438.0721269, "timestamps": [1540809472.495518], "episode_lengths": [500], "episode_rewards": [500.0], "episode_types": ["t"]}