{"episode_types": ["t"], "episode_rewards": [200.0], "initial_reset_timestamp": 1540804023.46222, "timestamps": [1540804038.735319], "episode_lengths": [200]}